Job Title,Key Skills
 Digital Media Planner, Media Planning| Digital Media
 Online Bidding Executive, pre sales| closing| software knowledge| clients| requirements| negotiating| client| online bidding| good communication| technology
 Trainee Research/ Research Executive- Hi- Tech Operations, Computer science| Fabrication| Quality check| Intellectual property| Electronics| Support services| Research| Management| Human resource management| Research Executive
 Technical Support, Technical Support
 Software Test Engineer -hyderabad, manual testing| test engineering| test cases| web testing| web technologies
 Opening For Adobe Analytics Specialist, adobe experience manager| digital| digital marketing| adobe analytics| data analytics| aem| adobe| sitecatalyst
 Sales- Fresher-for Leading Property Consultant, channel partners| real estate| negotiation| property| Residential Sales
 Opportunity For Azure Devops Architect For Hyderabad Location, TFS| Azure| Git| VSTS| Docker| DynaTrace| Splunk| AWS
 BDE- PUNE, Bde
 Technical Support/ Product Support, technical support| support services| application support| communication skills| voice based process| semi voice| semi voice process
 Executive Assistant To Chairman, secretary| executive assistant| ea
 SEO Executive, website| web analytics| xml| link building| google analytics| case studies| seo| social media| tracking| maintaining
 Workflow Coordinator, operations| workflow| tat| monitoring| mts| email
Oracle IDAM,Oracle IDAM|OIM|OAM
 Looking Facebook /social Media Manager For our Digital Marketing Ageny, digital marketing| seo| social media marketing| content marketing| email marketing| sem| google analytics| campaign management| facebook| media management
 Wanted Engineering Fresher For MNC Chennai, instrumentation engineering| electrical engineering| Engineering| fresher| Trainee| immediate| Mechanical Engineering| electronics engineering| undergraduate
 Tooling &amp; Sampling, Help Desk| Customer Service| customer relationship| access controls| Asset Management| Vendor Management
 Account Manager, Report Generation| Policies| analytical| procedures| Analysts| Data Entry| analytical skills
 Magento Developer, Copyright| Email| jQuery| XML| Javascript| CakePHP| Customer service| Open source| Facebook| CSS3
 Looking For Trained Freshers in MS Dynamics CRM- Hyderabad, C#| MS Dynamics CRM| Microsoft Dynamics| ms dynamics
 Job Openings Kotak Life/ Max Life/ Aditya Birla Health for Sales Mgr, sales manager| business development manager| relationship manager| brokers| insurance sales| channel sales| direct sale| direct marketing| sales| Marketing Executive| Territory Sales Manager
 Business Development / Corporate Sales, lead generation| business development| corporate sales
 Business Development Manager (BDM), contract management| closing| it services| relationship building| managed services| selling| market research| business development manager| sales
 QA Executive, QA Executive
 Back End Java Developer - Restful Services/soap, Java EE| JMS| Core Java| JUnit| Weblogic| HTML| JPA| JSON| SOAP| SQL
 Product Engineer, Conceptualization| Architecting| Continuous improvement| SIDE| development| Front end| it
 Opening For Articulate tool Developer - Articulate / Captivate)chennai, Articulate Storyline
 Urgent Hiring for Area Sales Manager, Area Sales Management| Retail Sales| FMCG| Chocolate| confectionary| ASM| Area Sales Manager| area business manager
 Software Engineer - C++ Development - Ooad/oops, C#| Java| OOP| C++| Multithreading| UML| OOAD| OOPS| .Net| debugging
 Linux Administrator Lead, qmail| workflow| nagios| windows server| networking| mysql| monitoring| redhat| maintaining| centos
 Hiring for Tech Pm/scrum Master for Hyderabad Location, Java| JPA| Hibernate| Project Management| JDBC| Scrum Master| Microservices| Agile| SOAP| Rest
 Assistant Professor (Grade I)-Theoretical Computer Science,vide
 US Based Financial Company Looking For Java API Engineers For HYD, Java| java api| Banking| j2ee| API| finance| core java| microservices
 Strong Partner Ecosystem, GIS| ISO 27001| HR| information system| process| ISO 9001| Information security management| GIS software| Management| Edge
 Wordpress Web Developer,vide
 Senior Executive- Contract Logistics- Bom WP-A, Administration| Administrative Support| Contract Logistics| Staff Development| Site Management| Quality Improvement| warehousing| Warehouse Operations
 Accounts Manager, filing| tds| service industry| pf| esi| returns| coaching| payroll| invoice| tally
 Technical Sales Executive with fixed pay & lucrative incentives/UK Inb, Outbound| Antivirus| Technical support| Sales| Spot| Inbound calls| pay| Medical| Comp
 nutanix sme , Troubleshooting| DNS| DHCP| Monitoring| Virtualization| Shell scripting| Python| VMS| Open source| Archiving
 System Architect - 3g/4g Wireless Network Architecture & Migration, 4G| 3GPP| 3G| System Architect| LTE| Radio Access Network| PhD| IEEE
"Excellent Opportunity For ” Linux Device Driver ” ,for Hyderabad and Ban",arm processor|c|device drivers|embedded linux|linux kernel|ipc
 Java Developer, JMS| Core Java| Sonar| Weblogic| XML| J2Ee| SVN| Spring| Oracle 11G| SQL
 Regional Representative, market| presentation| strong analytical skills| english| presentation skills| developing| customer interaction
 Hiring For Record To Report, fixed assets| accounts payable| record to report| general accounting| general ledger
 Product & Regional Sales Manager, Team management| Regional sales| Management
 Senior Manager/associate Director - Mandarin, Commercial Activities| Commercial Sales| Online Sales| Senior Management| Budgeting| Strategy Implementation| Marketing| E - commerce
 ODI Developer/lead ODI Developer - RACI, ODI| Matrix
 UI Developer, javascript| sql| php| php mysql| css| software development| technical| photoshop| mca| ajax| jquery| application| web| design| mysql| html
 Assistant Manager , Relationship management| Relationship building| Client relationship| Training| Analytical skills| Process mapping| Standard operating procedures| Agile| Management| Visa processing
 Android Developer, android| btech| iphone| server| analytical| developing| ios| platforms| objective c| web| xml| design| json| programming| development| c| testing| mobile| xcode| application development| eclipse| application| sdk| applications
 International BPO / Non Voice Process / Rotational Shift / Ahmedabad, cca| bpo| csr| international bpo| customer service| outbound process| customer care| tourism| customer support| fresher| voice process| inbound process| cse| bpo fresher| voice support| hotel| travel
 iOS Developer, bca| graphics| application development| b tech| core| b sc| application| b e| ios| publishing| animation
 F&A Black belt - Process Excellence Lead, Accounting| Continuous Improvement| Process Improvement| Load Balancing| Lean Six Sigma| Black Belt| Training| Green Belt| Process re - engineering| Process Excellence| Business Excellence| OTC
 IT - Head (preferably from an NGO), networking| information technology| network administration| technical support| support services| license management| disaster recovery| data security| it training| it software
 Digital Content Producer For largest Media House, Automobile| Digital Content| Content Development| Production| Web Content Writing
 Manager Holidays, Tourism| target achievement| negotiation skills| revenue management| Tour Packages
 Backend Developer, PHP| Networking| Data structures| HTTP| JSON| Software design| Computer science| System design| Backend| Ticketing
 JUNIOR BIG DATA ANALYST IN,vide
 Chief Engineer, Chief Engineer| Hospitality| HVAC| Maintenance| Water Treatment| Energy Conservation| Capital Expenditure
,Marketing|Executive|Marketing|Marketing|Executive|Direct|Executives|Marketing|Executive|Executive|Executive|Executive|Marketing|Executive|Marketing|Executive|direct|marketing|executive|Marketing|Executive|Marketing|Executive|Executive|Marketing|Executive|direct|Executive|Direct|Marketing|Executive|Executive|Direct|Marketing|Marketing|Executive
 Oracle DBA Consultant - Data Guard/rac Modules, WebLogic| configuration| MySQL| installation| Oracle DBA| troubleshooting| Oracle RAC
 Global HR Operations Analyst, Service level| Data management| HR Coordinator| Management audit| HR operations| Human resource management
,Manager|Transformation|Manager|Transformation|Manager|Manager|Manager|Manager|Transformation|Manager|Transformation|Manager|Manager|Transformation|Manager|Manager|Transformation|Transformation|Manager|Manager|Manager|Manager|Manager|Manager|Manager|Manager|Manager|Manager|Transformation|Manager|Manager|Manager|Manager|Manager|Manager|Transformation|Manager|Manager|Manager|Manager|Manager|Manager|Manager|Transformation|Manager|Transformation|Manager|Manager|Manager|Transformation|Manager|Transformation|Manager|Manager|Transformation|Manager|Manager|Manager|Manager|Manager|Manager|Manager|Manager|Transformation
 Compiler- Support Engineer, Graphics| C++| Windows OS| Linux| high performance computing| Test cases| System software| Gaming| FreeBSD
 Key Accounts Manager,vide
 Head Sales- Coworking Company, Sales| Team Building| Strategic Leadership| Real Estate| Field Sales| Sales Strategy| Enterprise Business| Go - to - market Strategy| Enterprise sales| Sales Executive Activities| Marketing
" Clubhouse Manager, Facility Manager,", Facility Management| facility services
 IP DRG / Surgery / ED / Denials Coders, sds| radiology| CPT| icd - 10| EM| medical coding| coders| surgery| ed
 Sales Manager - Education Sales, Market analysis| Public relations| CV| Relationship building| Market intelligence| Prospecting| Budgeting| Sales process| Branding
 HR Associate, ERP| MIS| Succession Planning| Reports| Talent Management| Human Resources| HR Policies| Recruitment| Talent Acquisition
 Manager / Sr Manager - Digital Ad Sales - Ecommerce, revenue generation| marketing| ad sales| web technologies
 Architect Junior/ Middle level, co ordination| team management| drafting| loans| online| coordination| quality
 php developer, English| PHP| XML| DOM| SOAP| Com| Web technologies| Written communication| Email| Time
 Openstack Engineer / Openstack Admin with Ceph Storage, cloud| puppet| python| git| KVM| linux| jenkins| openstack| ansible
 Sr. Software Engineer, National| Branch| Vice President| J2Ee| Software
 Software Engineering- Mentor, Mentor| Android| Consulting| Usage| development| software| mobile| it| SIDE| Front end| Web technologies| Coding| web| backend| Open source| programming| Investment
 Application Tester, Performance Testing| Software Testing| Manual Testing| Quality Testing
 Credit Control - Manager / Asst. Manager, Pivot Table| Credit Analysis| Tally ERP| Accounting| VLOOKUP| Finance| Lookup| Advanced Excel| HLOOKUP| Credit Control
 Night Shift - Non Voice / Web Chat - BPO, international bpo| bpo| kpo| web chat| non voice process| e mail| international call center| customer service representative| cse| interpersonal skills| ites| uk shift| customer service| e - commerce| customer care| customer support| bpo fresher
 Sales Executive, Innovative| Aggressive
 Design Engineer Mechanical, Communication Skills| Detail Engineering| Material Handling| AutoCAD| Detailing| Design Engineering| Microstation| Bid Evaluation
 Android developer, design| android| erp| software| mvc| quality
 Technical Writer, Technical Writing| Technical Documentation| Articles| Writing Skills| Product Support
" Pro-Engineer , Matlab ,Ansys", Ansys| thermal| MATLAB| System design| Recruitment| MCCB| Electricals
 Business Development Executive - Kolkata, Product placement| Market research| Distributor handling| Business Development Executive| Customer service| Customer Service Executive| Secondary sales| Supervision
 Accountant - UK Based Accounting, Management accounting| Accounting| VAT| Book Keeping| SAGE| Tax returns
 Opportunity For Current Account RM ||bank || Delhi, Trade| Forex Trading| Forex| fx| Lead Generation| Accounting| Banking| Revenue Generation| Current Account
 PHP Developer, XML| Javascript| PHP| development| css| technical| analytical| software| testing| HTML| tools| Joomla| coding| jQuery| web| MySQL| Wordpress| design| XHTML| debugging| Ajax
 Senior Engineering Maintenance Manager For Knitting and ZLD System, zld| Engineering Management| knitting
 Accounting Specialist, Analyst| ERP| Change management| Business objects| Managed services| Business process mapping| Executive management| Data mining| oracle project accounting| Testing
 Manager (Service Operation), ERP| Succession Planning| MIS| Reports| Talent Management| Human Resources| HR Policies| Recruitment| Talent Acquisition
 DevOps Engineer Intern, Intern| Linux| Windows| Unix| DNS| C++| Perl| IIS| Redhat| HTTP
 PHP Developer (wordpress & Woo Commerce/shopify / Magento), C| Woocommerce| Magento| Wordpress| MySQL| PHP| Shopify| JQuery| Web Development| Ajax
 Java Developer, CSS| Singleton| XML| Javascript| JDBC| Struts| JSON| HTML| Spring Boot| JQuery
 Sr. Manager- Business Development, Business Development Management| Bd| Marketing| business development| Projects| business development manager| bdm| Tendering| Proposal
 Test Principal Engineer, Ethical Hacking| Certified Ethical Hacker| Networking Protocols| Penetration Testing| Nessus| NMAP| Fortify| Vulnerability Assessment| Appscan| Qualys
 Graphic Designer, Graphic designing| Graphics| adobe creative suite| Architecture| MS Office| Business Executive
 Business Development Executive, Payment collection| Costing| Business Development Executive| Lead generation| Sales| Vendor| Cost
 Animation Resident, Internship| Digital marketing| Social media| Relationship building| Animation| Creative| Indesign| Business Executive| Presentation skills| Senior
Enterprise Business Development Representative,market penetration|marketing|customer satisfaction|enterprise business|web technologies|business development|strategy|aws|sales
 Dot Net Developer, jquery| git| microsoft sql server| net asp net| software| testing| ado.net| microsoft| tools| sql| unit tests| database| application| web| design| .net| object oriented programming| support| programming
" Urgent Opening for ""US Staffing Professionals"" - Noida", technical recruitment| us staffing| us recruitment| us recruiter| us it staffing| technical recruiter| it recruiter| recruiter| w2| c2c| talent acquisition| recruitment| staffing| sourcing
 Front Office Executive-Noida, Front Office Executive
 Project Executive/coordinator, Project Administration| Coordination
 Sterling OMS Architect, Order Management system| Sterling Commerce| Sterling| OMS| Sterling Integrator| ecommerce| E - commerce
 Dot net Developer, analytical| documentation| web development| algorithms| development| javascript| sql server| jquery| database| web| flex| design| mysql| net
 Centreless Grinding Operator , NCTVT
 PHP Developer Jobs In Gurgaon - Team Lead - PHP, Drupal| Application programming| MySQL| Wordpress| PHP| CakePHP| Team Leader| MVC| Zend| Software services
 Sales Lead, Outbound| Sales| Project management| Analytical| Sales Lead| Automation tools| Sales process| marketing automation
 Clerk - Garh Shankar (Vacancy-1),vide
 Senior Design Engineer - Manufacturing, AutoCAD| 3D Modeling| FMEA| Mechanical Engineering| Mechanical Design| SolidWorks
 Software Engineer Automation - Industrial Automation Job In Bangalore, Automation Engineer
 Looking For Assistant Manager - Healthcare (US Visa is Must), Revenue Cycle Management| US Healthcare| Payment Posting| Medical Billing| Medical Coding| us visa| Team Leading Skills| Healthcare| Denial Management| RCM
 Senior Accounts Executive,vide
 QA for Voice Process (LE-0097-N1C), Voice process| qaqc| Writing| Process operations| Verbal
" Senior Resident - Obs. & Gynae, Max Hospital, Gurgaon", Patient Care| Nursing| People Orientation| Report Generation| Service Quality| Disaster Management| Customer Care| Medical| Process Orientation
,vide
 Manager/senior Manager- Analytics- Life & Annuities - Insurance Domain, Predictive Modeling| SAS| Data Management| Data Mining| Tableau| Data Analytics| Statistics| Analytics| SQL| Python
 Executive Medical Coder, molecular biology| chemistry| biotechnology| bhms| biology| Physiotherapy| microbiology| nursing| biomedical| Physics| medical coding| biochemistry| pharmacy| Ophthalmology| micro biology| Bioinformatics| zoology| biotech
 Account Assistant, accounts executive| accountant| Stock Management| gst| auditing| Statutory Compliance| accounting| Account Assistant| Bank Reconciliation| tax audit| banking| monthly reports| Payroll| salary processing| income tax| Income Tax Return| taxation
 Informatica Faculty Job Requirement in Hyderabad, Informatica Power Center| Informatica
 SEO Expert/ Digital Marketing Gurgaon, digital marketing| seo specialist| advertising agency| online marketing| seo| seo expert| facebook marketing
 Head Engineering, Validation| Installation| Breakdown Maintenance| Industrial Safety| gmp| Boiler| Design| HVAC| Gensets| Air Compressor| Breakdown| RO| who
 Business Development Executive, Forecasting
 PPC Executive, Pay Per Click| Google AdWords| Search Engine Marketing| PPC| SEM| Google Analytics| Website Analysis| Yahoo| Web Analytics| Marketing Initiatives
 Opening For the post of Mr/territory Business Manager in An Pharma, marketing officer| pharma sales| Marketing Representative| marketing executive| pharma marketing| sales officer| sales representative| business development executive| Fresher| trainee| sales executive
 Deputy Manager - Program Management, Project management| PPAP| Automotive| External audit| Conflict resolution| Resource mobilization| PFMEA| Risk management| Project life cycle
 Public Relations Manager - Bangalore, PR| Public Relations| Media Relations| Social Media| Marketing Communication| corporate communication| media relation| corp comm| Online Media| public relation| Journalism| Advertising| mass communication
 Female Fresher's Counsellor- Gurgaon, counselling| couselling| fresher| student counsellor| student counseling
 BE Chemical - Fresher, Help Desk| Customer Service| customer relationship| access controls| Asset Management| Vendor Management
 Senior .Net Developer For Leading IT Company in Gurgaon, asp dot net| .net developer| Dot Net Developer| asp.net| asp . net
 Hiring a Valuation Associate (female Only), Secondary Research| Valuation| Finance| Real Estate| Primary| Report Preparation| Business Development| Due Diligence| Financial Modelling
 Merchandising & Marketing- Professor, Teaching| Educator| Counselor| Mentor| Trainer| Advisor
 Medical Transcriber, X - Ray| Medical Transcription| Ultrasound| CT Scan
 PHP Developer, cms| javascript| wordpress| drupal| joomla| ajax| cakephp| zend| knowledge| xhtml
 Business Development Manager, Sales| Management| Sales management| Educational sales
 Looking for a Job Change With a good package, Outbound| Antivirus| Technical support| Technical Support Associate| process| Sales| Inbound calls| US shift| Comp
 Huge Requirement for Customer Care Executive with Fixed Salary, Technical support| English| Comp| Customer Care Executive| Inbound calls| Antivirus| Issue| Software
Assistant Manager – BI&I (data Automation),C#|Application Development|Senior Level|MS SQL|Visual Basic|Power Bi|MSBI|SSIS|Recruitment|Data Integration
 Field Sales Executive, Escalation management| Field Sales Executive| Sales achievement| Training| Insurance sales
 Sr. Manager Sales Capability Building, Team management| Salesforce| Usage| Sales| Skill development| Training| Productivity improvement| Training management| Sales budgeting| TSI
 Service Ops Expert - Servc Del | Microland, Networking| Unix| Change management| Scheduling| Publishing| Incident management| VMware| Problem management| Remedy| SIP
 Regional Trainer - Skin for Wellness & Beauty Industry (only Females), planning| training| training manager| trainer| faculty
 Sales Manager, Sales| Billing| MS Office| Business reporting| Insurance sales| MIS preparation| Usage| Corporate| Networking| Retail
 Field Support Team-Supervisor, customer support| support service| field support| team| management| supervisor| self motivated| continuous improvement| give| enthusiastic
 Sr. C# Developer, Javascript| SQL| XML| server| css| technical| software| developing| HTML| tracking| database| web| Application development| net| programming| Ajax| development| DOM| solid| data integrity| Stored procedures| Reporting tools| application| applications
 Sr Structural Engineer, Senior Design Engineer| Engineering Design| SACS
 IT Security Head , C| Python| Six Sigma| PMP| .NET| HTML| JavaScript| SQL| Oracle| assembly language| Real Time Operating Systems
 Technical Support Executive, Technical Support Executive| Electrical engineering
 Analyst - Business Intelligence, Data analysis| Automation| Google Analytics| Excel| Analytical| Business intelligence| Analytics| Product marketing| SQL| Data extraction
Nokia WING Circuit Core - SMSC Engineer,Detail Design|Juniper|SMSC Engineer|Routing|IP Networking|Network Elements|Network Troubleshooting|High Level Design|Data Center|Switching
 Assistant Restaurant Manager / Restaurant Manager, assistant restaurant manager| restaurant| restaurant manager
 Digital / Web Artist, layout| visualization| digital media| graphic design| html| illustration| tools| part time
 Business Development Manager, selling| accounts| events| prospecting| business operations| ideas| coordinating| tracking| closing| maintaining
 Web/ GUI Designer, photoshop| illustrator| seo| jquery| fireworks| css3| gui| usability| development| static
" Web Designer - Html, CSS, Bootstrap, Photoshop", Photoshop| HTML| Wordpress| CSS3| bootstrap| Web technologies| html5| CSS
 Python Developer, Python
 Web Designer, server| multimedia| troubleshooting| graphics| audio| monitoring| javascript| jquery| user interface| css3
 AVP- FX MO, Senior management| MIS reporting| Building| Training| Management| Risk| Vice President| Focus| Trade| Associate Vice President
 Cluster Sales Head - Tied Channel &amp; Affinity Alliances - Health Insura, Sales Head| Tied Channel| Sales| Business Growth| Profitability| Business Operations| New Business| Alliances
 Head - Project Management, Project Management
 Walk- In For Development QA/ Regulatory Affairs, QA| Life Sciences| development quality assurance| Life Cycle| Regulatory Affairs| DQA| QMS| Dmf
 Manager Accounts-wazirpur-mba-finance-salary-35k(export House exp), accounting| finance| financial reporting| statutory compliance| gst| vat
 Team Leader- Head Digital Prtnrshp & BD, Data analysis| Consumer research| Management| Head Business Development
 DWH Tester - Manual Testing, Testing| Quality| Manual Testing| ETL| BI| DW| Datawarehouse Testing
 Quality Assurance Engineer, assembly language| Six Sigma| PMP| C| JavaScript| .NET| HTML| Oracle| Python| SQL
 Technical / Functional Skills, Product management| Business process| Linkedin| Automation| CV| Email| GIT| Technical| SDLC| Ideas
 Software Development / Software Engineer, ajax| javascript| php| erp| website| development| software development| module| mca| application development| application| web| programming
,vide
 Inbound Phone Banking Voice Process - Leading Bank - Noida, customer service| customer care| team| communication| bpo| call center| inbound| voice| backend| non voice| telecalling| cse| cro| cce| data entry| back office| voice process| domestic bpo| fresher| trainee| Telemarketing| Outbound| sales| hardware| networking
Java Enterprise Edition,Oracle|Core Java|Business process|Outsourcing|Operations|spring integration|J2Ee|Spring framework|JEE|Manager Technology
 Associate Clinical Data Processor, MS Office| Data entry
,Sales|Counter|Sales|Sales|Sales|Sales|Counter|Sales|Sales|Sales|Counter|Sales|Sales|Counter|Sales|Sales|Sales|Sales|Sales|Counter|Sales|Sales|Sales|Sales|Counter|Sales|Sales|Sales|Sales|Sales|Sales|Counter|Sales|Sales|Sales|Sales|Sales|Sales|Sales|Sales|Sales|Sales|Counter|Sales
 CRM, Customer relationship| Automobile| Proposal preparation| CRM strategy| Architecture| Database| Testing
 Magento Developer, Unix| Version control| Prototype| XML| MySQL| PHP| JSON| MVC| Ajax| CSS3
 Merchandiser, Merchandising| Buyer Activities| Follow Ups| Vendor| purchase| vendor development| tracking
 SIEM Analyst,vide
 Hiring ll Azure Devops and Management Lead ll Hyderabad, C#| Azure| Powershell| Script Writing| API| Debugging| Devops| Application Integration
 Senior Faculty - Information Design,vide
 computer operator, Computer Operator| MS Office| Software services| Comm| Typing speed| WHO| Software| level
 Operation Executive, operations management| mobilization| Resource Mobilization| general management| interview| Recruitment
 Customer Support Executive, Customer Support Executive| Customer service| Business Executive| process
 Corporate-Day Care Manager., Staff Training| Day Care| Recruitment
 Hiring going on for .US Inbound Tech Support/ Sales, process| Spot| Technical support| Night shift| International BPO
Deputy Manager- Performance/digital Marketing,digital marketing|email marketing|adwords|display advertising|digital campaigns|google analytics|sem|seo
" Technical Lead -(VoIP,Cisco Call Manager)", java| cisco call manager| visa| j2ee| sip| offshore| communication skills
,vide
 Relationship Manager, Sales| Business Development| Change Management| Mobile| mobiles| handset| mobile handset| Marketing| Relationship Management| Distribution Management| channel management| dealer management| Retailer
" Technician, Technical Support", International Call Center| Technical Support| Maintenance| Communication Skills| PC Hardware| Technician Activities| Social Media| Analytical Ability| Soft Skills| Customer Satisfaction
 Graphic Designer, Illustrator| Corel Draw| Photoshop
 Consultant, Manual testing| Informatica| microsoft| Process automation| System testing| PDF| Artificial Intelligence| Regression testing| Silicon| Analytics
 Immediate Requirement for Fusion Technical Lead Developer, Technical Architecture| Fusion| Oracle Fusion
 Layout Designer / Web Designer, Layout design| Corel Draw| Web designing| Photoshop
 International BPO- Mahindra- Meru- TATA SKY- Paddle Point-pepperfry-hc, Bpo Voice| Voice Process| International BPO
 Asp.net with Angular JS & Html5 - Hyderabad, HTML5| ASP
 Sales Manager Product and Portfolio, Product training| Sales| Relationship| Banking| Recruitment
 Key Accounts Manager, Customer profitability| Receivable management| Education| Relationship building| Transportation| Service| Monitoring| Key accounts
 Store Head-leading Manufacturing Company, Stores| warehouse| Logistics
 BPO Inbound Voice Tech Process - Customer Service Inbound Voice - Appl, BPO| Outbound| English| Email| Inbound calls| Customer service| Troubleshooting| Technical support| Recruitment| Comp
 Java Software Engineer, Linux| Agile| Python| Computer science| Coding| Fixed income| Machine learning| Asset management| JIRA| Financial services
 Admin Executive, English| MS Office| admin executive| Billing| Stock inventory| Writing| Office management| Management| Business Executive| Application
 Agm Finance for Automobile Company in Kolkata . Salary:7 Lpa, Credit Officers| Risk Management| Administration| Report Generation| Analysts| analytical skills
 Accounts Manager (male), Balance Sheet Finalisation| service tax| bank reconciliation| gst| income tax| taxation| financial auditing| finance| tax audit
 Opening for French Specialist Accounts Payable, accounts payable| accounting| AP
 Applications Analyst OEE, Change management| Healthcare| Analyst| Business Analyst| Social media| Problem management| Software development life cycle| Scheduling| OEE
 Customer Service Engineer - - ICD Security Solutions, Copyright| Customer Service Representative| CV| Customer service| Security| Troubleshooting| CCTV
 Urgently Required Senior PHP Developer(laravel) || Gurgaon , CSS| jQuery| MySQL| Javascript| HTML| Web Development| Laravel| Codeigniter
 Associate Process Consultant, Networking| Telecom| LAN| WAN| Bss| VPN| Wireless| Telecommunication| Costing| Visio
 Infrastructure management- Lecturer, Teaching| Educator| Counselor| Mentor| Trainer| Advisor
 Finance Admin, Business communication| Analytical skills| Business objects| Team management| management| Transition management| Trend analysis| Variance analysis| Analytics
 Guest Relations Executive, Usage| PDF| C| Social media| Cash handling| Database| Customer service| Merchandising| Advertising
 Salesforce System Architect, salesforce| salesforce.com| system design| application architecture
,vide
System Monitoring Tools & Techniques Professional,Execution|Project Management|AO engagement|Monitoring Tools|Delivery Management|Stakeholder Management|System Monitoring
 HR Recruiter, Recruitment| Hiring| HR| Screening| Interviewing| Staffing
 Business Development Manager (eCommerce), bca| cold calling| bidding| academic| customer service| documentation| selling| web development| seo| mba
 Java Developer - Spring/ Hibernate, Java| Webservices| Spring| Hibernate| System Design| ESB| SQL| Spring Boot| Javascript
 Python Developer, Debugging| Troubleshooting| Python| Interpersonal skills| OOPS| Programming| developer
 Sales And Marketing/Business Development manager, Direct sales| Cold calling| English| Networking| Business Development Manager| Customer interfacing| Data collection| Service| Digital marketing| WHO
 Microsoft Developer, build automation| Entity framework| MVC| microsoft| SQL
 Customer Service Executive (Adeeba Group) for Tech Support/ Sales, Technical support| Outbound| Troubleshooting| RecruitmentEnglish| Antivirus| Comp| Customer Service Executive| Domestic BPO
 Inbound Technical Support With Attractive Salary Package, Outbound| Medical| Technical support| Technical Support Associate| Email| Sales| US shift| Antivirus| Troubleshooting| Comp
" Placement Officer,", HR| Human Resource Management| Placement Coordination| recruitment executive| recruitment officer
 Walk-in Interviews For Sr.executive - Procurement on 5th July, Strategic Sourcing| procurement| supply chain management| Packaging| Vendor Management
Urgent Opening Automation Test Engineer 2-5yrs-bellandur Bangalore,Test Engineering
 Senior TSA Inbound Tech Process, Outbound| Technical Support Associate| Sales process| process| Senior| Technical| US shift| Technical support| International BPO
 Freelance Corporate Trainer on Taleo, Corporate Training| corporate trainer| technical trainer
 Senior Java Developer- Urgently Required by Mumbai IT Company, java| mongodb| Hibernate| spring| jms
 Manager Procurement, Procurement| Supply chain management| Automation| Copyright| Chain| Purchase| Head Operations| Steel| Business Executive
 Senior Software Engineer - UI Development - Javascript/angularjs, software development life cycle| css| html5| ui development| design patterns| svn| software engineering| angularjs| javascript
 Telle Caller, good communication skill| good speeking manners| ability to face strangers| punctual| gopod efficiency
 Documentation Executive, e - tendering| Tender Preparation| bid preparation| proposal preparation
 Restaurant Cashier, Cash Handling| Cashier Activities| Day Book| Cashier| Restaurant| CSAT
" Opening For Dot Net Developer @ Baner, Pune", C#| .Net| Asp.net
 Management Trainee, Excel| Sales| Conflict resolution| Analytical| Management Trainee| Power point presentation| MS Office
 Junior Company Secretary, Manual testing| Eclipse| Coding| Scrum| Enterprise applications| Healthcare| JIRA| Android SDK| test driven development| Business Analyst
 Production Manager, Production Management| production control| production planning| Production Manager| Planning| Production Support| Organizing
 Have Confidence to Convince Customer Then Join Adeeba (Inbound Voice), Outbound| Medical| Technical support| Technical Support Associate| Email| Technical| US shift| Antivirus| Troubleshooting| Comp
 Business Transformation Consultant, project management| management consulting| business transformation| strategy consulting| change management| sales strategy| top management
 Content Editor, Digital media| PHP| Recruitment| Bengali| LMS| Business administration| Content Editor| Journalism| Literature| Administration
 Graphics Hardware Engineer, Graphics| Simulation| Power management| Electronics| Hardware| Research| System analysis| Electricals
 Visual Designer, Motion Graphics| Infographics| Illustrator| animations| infographics| Corel draw| Photoshop| CorelDRAW| Visual Designer
 Web Designer, Illustrator| Web designing| Photoshop| CSS| Web technologies| XML| Intranet| Business Executive
 ACCOUNTS EXECUTIVES, Tally| Retail| Accounts Executive| Retail Executive
 Finance & Accounting Associates, Financial reporting| Due diligence| Data analysis| Accounting| International finance| Banking
 DEALER - RETAIL BROKING, NSE| Lead generation| Compliance| Relationship| Equity| Client acquisition| Research| Revenue generation| Monitoring| HNI client handling
 SENIOR SOFTWARE DEVELOPER (MVC .NET), MySQL| Javascript| UML| server| css| Technical writing| html5| bootstrap| microsoft| Technical support| sql| cloud| ui| web| design| asp.net| mvc| api| architecture| level| Visual Studio| quality| MS SQL| infrastructure| .net| agile| angularjs| aws
 Client Relationship Partner, MIS reporting| Trade| Operational risk| Banking| Relationship| Client relationship| Saving
" Sales Manger Opening In An E-commerce Industry- (mumbai, Pune)", sales strategy| sales management| B2B Sales| corporate sales| institutional sales
 Dot Net Developer, soa| sql| relationship management| server| software| jquery| service oriented architectures| quality systems| software implementation| computer science| sql server 2008| design
 Lead Business Systems Analyst, Analyst
 Sr. Manager- Art in Mumbai || Opportunity @ Client side, Art Director
 Hiring for Domestic/ International Processes.contact the HR Asap, fresher| icse| inbound process| outbound| international bpo| uk process| bcom| communication skills| back office| cbse| web chat| chat process| Aviation| Guest Relations| Public Speaking| PR
 Sr . Manager, Automobile| Warehouse| Problem management| Manager Operations
 Manager Learning & Development,vide
 Urgent Requirement for CCE Telesales for Night Shift., Outbound| Telesales| Night shift| English| process| Technical| Inbound calls| Service| Printers| Business Executive
 Vancancy for Inbound Tech Sales Executive, Outbound| Service| Technical support| process| Inbound calls| Domestic BPO| Bonus| Business Executive| Comp
 Infrastructure SSO Architect- Looking For Early Joiners, single sign - on| single sign on| IT Infrastructure| SSO
 Sr. Architect / Project Position: Sr. Architect / Project, layout| coordinating| material selection| ms| mep| photoshop| corel draw| co| monitoring| plumbing
Nosql (couchdb/redis/bigtable/dynamodb),coding|database design|test cases|analytical|nosql|cassandra
 Immidate Opening for Voice & Accent Trainer @ Vee Technologies, accent| auditing| soft skills| training needs| customer service| process compliance
 Walk- in | Hdfc Life | We are Hiring Freshers:5th till 20th Aug@ Delhi, Sales| Fresher| Marketing
 AIT Global India Private Limited is Looking For JAVA Developer., Java EE| Hibernate| Core Java| Software Development| Spring Mvc| Multithreading| OOD| JDBC| Spring Boot| JSF
" Cloud Engineer Cloud Based IT MNC In Gurgaon , salary 7 - 8 LPA", Virtualization| Cloud computing| Server architecture| Windows Troubleshooting| Customer satisfaction| Manager Technology| Deployment| Management
 Relationship Manager - Bangalore, business development| sales| sales marketing| marketing executive| sales executive| sales officer| sales manager| area sales manager| territory sales manager| territory manager| area manager| regional manager| regional sales manager| regional business manager
 Territory Sales Manager-Passive Networking-Mumbai/Bangalore/Hyderabad, Sales| Sale| Networking Sales| It Solution Sales| Structured Cabling| Passive Networking| Data Center| Cable Tray| cabling| Data Center Rack| data - centre rack| LAN| UTP Cables
 Business Development Manager, marketing executive| distributors| customer profiling| sales strategy| market research| Business Development| sales executive
 Senior Manager-fundraising, fundraising| finance
 Bulk Hiring Travel Sales Consultants US /UK Shifts Call ASAP, worldspan| travel sales consultants| galileo| amadeus| gds
 UI Developer (Frontend Developer), Front end| Email| PDF| MIN| UI| phone| Strategic HR| Doc| Consultancy| Recruitment
 Netsuite Technical Consultant, CVS| ERP| Rest| middle east| Technical| Customization| E-commerce| CRM| Open| WHO
"Java Full Stack – Technical Lead, Senior Engineer",Java|Angular JS|Hibernate|Core Java|Technical Leader|Technical|Javascript|Spring|JQuery|JS framework
 ADM - External Affairs &amp; CSR - Bangalore, senior management| ngo| key skills| Corporate Social Responsibility| Govt Liasioning| corporate pr| External Communications
 Immediate Opening Asp.net MVC Developers For Mumbai (worli), Asp.Net MVC| entity framework| API
 Home loan, Loans| Direct Sales Associate| Policies| Bfsi| Finance| Sanction| WHO
" Sr. Resident, General & Laparoscopic Surgery", Monitoring| Senior Resident| RAM| DNB| Dmc
 Angular Developer - Fulcrum Digital, Angularjs| CSS| Responsive Web Design| Javascript| Bootstrap| HTML| JSON| JQuery| Web Development| Grunt
,networking|Network|Lead|Network|Lead|Network|Network|Lead|Network|networking|Lead|Leading|Network|Lead|Network|Lead|Network|Leading|Lead|Network|Network|Lead|Network|Lead|lead|Lead|Network|Network|Lead|Network|Network|Network|Lead|Networking|Lead|Lead|Network|Lead|Networking|Lead|Lead|Network|Network|Lead|Network|Networking|Lead|Lead|Lead|Lead|Network|Network|Lead
 Devops Engineer - Tools & Automation, python| open source| database| Automation| java| linux| perl| Monitoring| nosql
 Great Opportunity To join top MNCs in Kolkata! Grab them While it last, PR| international bpo| chat process| Aviation| back office| web chat| Guest Relations| Public Speaking| bcom| fresher| inbound process| outbound| uk process| icse| communication skills| cbse
 QA Functional Testing, QA| Functional testing
 Sales Engineer, Sales Engineering
Software Engineer - Unity Developer,Design Development|Software Engineering|Lighting|Computer Science|Product Quality|Automation Testing|Asset Management|GUI|Object Oriented Programming|Android
 Associate Level 1 - Fund Accounting, NAV calculation| Fund accounting| Automation| Corporate actions| Accounting| Process improvement| Analytical| Reconciliation| Standard operating procedures| Subject Matter Expert
 Associate Principal Analyst - Network Security Research, Networking| Secondary research| Recruitment| Analyst| Network security| Research| IPS| Advisory| Firewall
 Training Specialist, Team Management| Training Need Analysis| sales training| Retail Sales| MS Office| Product Training| Training| Team Building| Skill Development| Retail Marketing| trainer| Regional Management| Competency Mapping| Training Delivery
 Urgent Opening For Field Recruiter , hiring| HRIS| procurement| HR| sourcing| Recruitment| staffing
 JAVA Developer, Computer science| Continuous improvement
 Urgent Openings For Pharma Freshers, pharmaceutical| medical| Pharma| medical billing| healthcare
 Front End Developer - Wordpress/html/css/javascript, CSS| Wordpress| MySQL| Javascript| PHP| HTML| JQuery| SEO| Ajax| Hosting
Mechanical Maintenance – Btech / Diploma,mechanical operation|preventive maintenance|mechanical|engineeringbreak down maintenance|mechanical maintenance
 PHP Developer, javascript| html| ajax| jquery| php mysql| smarty| api| analytical| third party| software development life cycle
Sr.consultant-power Distribution,Renewable energy|Power distribution|Power sector|Banking|Electricals
" Chinese, Spanish Language Expert (proofcheck Medical Content),", spanish language expert| chinese| spanish| medical
 Hiring for Tech Sales_Inbound UK/ US Voice Process, Sales Associate| support| Voice process| Issue| Senior| Technical| Inbound calls| Bonus| US shift| Software
 SUPPORT Engineers (FEMALE CANDIDATES), MCSE| Database| Support Engineer
 MS SQL Developer : 0 - 2 Years (only MALE Candidates), SSRS| SQL Server| Stored Procedures| SQL Development| MS SQL
 Machine Learning Engineer || Gurgaon/chandigarh Location, GIT| Linux| Machine Learning| Python
 Nurses, GNM| Business Executive
 Marketing Executive, institutions| relationships| marketing executive| customer| customers| implementation| company| site| product
HR Recruiter (volume Hiring),Recruitment|Volume Hiring|HR|BPO Hiring|Sourcing|Interviewing|Onboarding|Staffing|Orientation|Human Resource Management
 Java Full Stack Developer, Java| CSS| Rest| Spring Mvc| Javascript| HTML| JPA| Spring Boot| JQuery| Web Services
 GM Finance- Export Import Company, financial analysis| financial planning| taxation| VP Finance
 Content Writer, Publishing| SEO| Content management| Social media| Wordpress| Management systems| Research| Brand awareness| Web technologies| Journalism
 Job Opening for Sm/avp_credit Audit_mumbai, Auditing| Audit Planning| Risk Assessment| Banking| Credit Risk| Credit Policy
 iOS Game Developer, c++| development| gaming| C| software| HTML| ios| opengl| iphone| design| MySQL| JavaScript
 Hiring: Executive-business Developer(seller Acquisition) On Contract, business development| e - commerce| sales executive| sales associate| sales officer| sales| field sales| mba fresher| fresher| new product development| channel sales
 Java/j2ee Application Developer, rest| java| sql| oop| angularjs| ui development| oracle
" Accepting Application for Intership for Java, PHP, Web Design, Android", Javascript| PHP| HTML| Visualization| jQuery| web| Programming| Commerce| Web designing| Application| Android
 Automation-Expert-Senior-Automation-Expert, Process automation| Commodity Markets| Artificial Intelligence| Market intelligence| Machine learning| Corporate| Relationship| Operations| Analytics| Robotics
 Product Manager- Marketing(consumer Durables), IT Sales| Marketing Campaigns| Social Media| Btl| Marketing Management| Digital Marketing| Dealer Sales| Channel Partners| Communication Skills| Process Flow
 Embedded Android Engineer, Android| Troubleshooting| Middleware| Firmware| SOC| Linux kernel| Bluetooth| Computer science| Test scripts| Test strategy
 Inbound International BPO Voice Process-US Shift, Outbound| Antivirus| Technical support| Voice process| Technical Support Executive| US shift| Inbound voice process| Customer Service Executive| Comp| International BPO
 Jr. Support Executives,vide
 Sales Executive, Sales Executive| Cold calling| market research| customer profiling| sales executive| marketing executive| distributors| Business Development| sales strategy
 Recruitment Officer , Administration| HR| Recruitment| Recruitment Executive| IR
 Senior Principal Software Engineer, Web development| Analytics| Healthcare| Software design| Monitoring| JIRA| Computer science| Backend| Inside sales| Cloud
 Senior Branch Sales & Development Head - Agency - General Insurance, Team Management| Advisory Services| General Insurance| Sales Initiatives| Financial Products| Distributor Sales| Branch Sales| Sales Development| Motor Insurance| Marketing
 Pharma/nutrition Sales Profile Opening with Hexagon Nutrition, clinical pharmacy| mr| sales officer| territory executive| business development| sales executive
 Urgent job Position For SAP MDG Functional Analyst- All Over India,vide
 Manager / Asst. Manager - Vendor Development ( Purchase ) - Gurgaon, sap| procurement| scm| material| sheetmetal| sheet metal| purchase| VD| vendor development| sourcing| BOP
 Java with AngularJS and Spring, Angularjs| CSS| Core Java| DOM| Computer Science| Javascript| HTML| Spring| Ajax
 Manager- Admission, data analysis| Admissions| placements| Help Desk| access controls| Asset Management
 Full Time Academic Writer for Ca/cma- Accounting & Taxation, academic research| accounting| taxation| ifrs| us gaap| international taxation| cost accounting| company secretary| auditing| company law| corporate law| icwa| cma
 Sales Head for It Consulting Company in Gurgaon, marketing| bdm| sales| business development| it sales| ncr| hardware sales
 Adeeba Group is Currently hiring for US Inbound Tech Process., Outbound| Night shift| Service| English| process| Technical| Technical support| Inbound calls| Voice process| Group
 Mechanical Engineer Require For Shut Down, RT| PT| MPI| NDT Inspection| NDT Level| Diploma| Quality Inspection| Level Ii| Inspection Engineering| Mechanical Engineering| UT
 CARE Specialist, Customer service| Healthcare| Customer relationship| Windows| Graphic designing| CAD| Illustrator| Customer satisfaction| Application software
 Opening For Fresher, BPO| any graduate| Voice Process| Voice Support
 Technical Support Associate / Technical Sales Associate-Inbound Voice , Outbound| Antivirus| Comp| Technical support| Technical Support Associate| technical sales associate| Sales| Technical Associate| Voice support| Inbound calls
 Head of Maintenance, Equipment Maintenance| Hydraulics| Inventory Management| Management Skills| Maintenance Head| Electricals
" Tcs Hiring For Support Analyst - Bigdata(apache Hadoop,aws Certified)", hive| apache| itil process| hadoop| big data| aws| core java
 Job Opening For Corporate Sales (insurance Broking) Mumbai/ Bangalore, motor insurance| insurance sales| insurance broking| general insurance
Spring Boot,SQL|Hibernate|Multithreading|OOAD|Eclipse|Business process|Outsourcing|Version control|Memory management|Control system
 Sr. Engineer Design (Mechanical), CATIA| AutoCAD| Pressure vessels| Mechanical| Primavera| PSCAD
 Senior Manager Cost & Program Management, Team Management| Project Execution| Program Management| Customer Experience| Data Analytics| Supply Chain| Operations Planning
 Manager Sales Commercial Segment, business development management| Sales Management
 Outbound Sales Executive, Outbound Sales| tele sales| Sales Executive Activities
 US Tech Process, Technical support| Outbound| Comp| Technical| Domestic BPO| US shift| process| Inbound calls| Bonus
" Community Manager,", Operations| Inventory Management| Vendor Management| Bhm| Hospitality| Front Office| Guest Relations| Hospitality Management| hotel management
 Software Engineer- Mobile Applications - Android, financial s| windows| android| mobile development
 Hardware Board Design Engineer, Hardware Board Design| Mixed Signal| Design Engineering
 Corporate Head - Operations, environment| functional| operations| business| verbal communication| coaching| analytical skills
 HR Recruitment Executive, Screening| Linkedin| IT Recruitment| hr recruitment| Database| recruiter| Sourcing| Interviewing| Recruitment
 Software Engineer Android, java| linux| server| development| eclipse ide| c| technical| mobile| eclipse| objective c| usability| ui| design| debugging| backend| developer| programming| applications
 Sales Coordinator, Retail Sales| Sales Executive Activities| Revenue Generation| Inhouse Sales
 Ecommerce Executive, BPO| Customer Support| international bpo| Voice Process| International Voice| International Voice Process
 Team Lead / Dev Lead, J2Ee| Core Java| jQuery| ERP| Tomcat| Eclipse| Open source| Selenium| Computer science| OFBIZ
 Andriod Developer, Android Development| Android Studio| Java| Troubleshooting| API Testing| API
 Physics Teacher, Counselor| Mentor| Trainer| Advisor| Teaching
 Manager Sales &amp; Marketing, lead generation| branding| business development| Sales Management| market research| competitive intelligence| market analysis| Marketing
 Design Engineer, Wireless| Automation| Simulation| Networking| Aerospace| FPGA| Coding| System verilog| Automotive| Physical design
 VERY Urgent Opening for IT Recruiter & Non IT Recruiter !! Apply NOW , hr| recruitment| recruiter| hiring| head hunting| leadership| mass hiring| volume hiring| bulk hiring| team leader| senior| tl| non it| it recruitment| technical hiring| it recruiter| bfsi| engineering| manufacturing| insurance| bpo| IT
 Associate, Associate
 Receptionist (Female), Receptionist| Administration| Front Desk| Travel Arrangements| Front Office| Computer Operating
 Senior .NET Developer, javascript| html| sql server| ajax| jquery| soa| oop| english| proactive| asp net c
 Sales Manager : School & Higher Academic Books, marketing executive| Sales| distributors| customer profiling| sales strategy| market research| Business Development| sales executive
 Supply Chain - Import Export Executive, QMS| Impex| Environmental Management System| Warehouse Management System| Export Import Logistics
 Walk-in Drive for Java Dev/sr. Dev on 29th June at Delhi, Java| core java| J2EE| Hibernate| Spring| LDAP| ADFS| Json| SOAP| jQuery| REST| Javascript| Java Web Services| Java Api| Advanced Java| MVC| Web Services| Open Source| SOA| Cloud| spring integration
 Hiring for Spring Boot Developer-noida, spring boot| spring security| spring mvc
 Dynamic CRM Architect, Dynamics CRM| .Net| Azure| Visual Studio| Microsoft Dynamics| Solution Management| Root Cause| microservices| .NET development
 SE / SSE - DATA,vide
 Hiring for Accounts Manager (business Development)- Radio In, Marketing Strategy| Strategic Thinking| Interpersonal Communication| Sales| Promotions| Accounting| Account Management| Team Leading| Business Development Management| Advertising
Urgent Openings for O2C,O2C|OTC|Order Management|Credit Management|Communication Skills
 ARCHITECTURAL CAD, visualization| m e p| modeling| drafting| design development| drawings| cad| preparation| quality
" HCL Tech Hiring ""physical Design Engineers"" for VLSI R&D Division", pnr| primetime| sta| floorplan| timing closure| synthesis| vlsi| Physical design| floor planning
 Assistant Manager Purchase, Assistant Manager Purchase
 Sr. Cloud Developer, SQL| Python| Analytics| Machine learning| Solution architecture| Analytical| SCALA| Cosmos| Programming| Data warehousing
 Hiring for Manager Quality ( Voice and Chat), BPO| Transactional Quality| Quality Management| Quality manager| manager Quality
" South Indian Cook,",vide
 Sharepoint Support Engineer, IIS| Exchange Server| Windows Server| WSS| Sharepoint| Active Directory
 Asst Sales Manager_ API_ Chemical Distribution_ Mumbai, pharma chemicals| business development| api| intermediates| sales
 Java- Technical Lead- Tavant Technologies - Hyderabad, Hibernate| Design Patterns| Cloud| Spring Boot| Team Leader| core java| Web Services| Microservices
 Hiring For Oracle Apps DBA@ Hyderabad, Exadata| performance tuning| 11g| patching| sql| dataguard| rac| cassandra| oracle database| Weblogic| ebs| asm| apps dba| cloning
 Walk in For Pharmacist @ 1mg Technologies || Gurugram Sec 14, hospital| pharma| pharmacy
" Agency Manager || Life Insurance ||ahmedabad , Bhopal , Vadodara", Sales| insurance sales| agency sales| Direct sales| life advisor| channel sales| life insurance advisor| life insurance| agency
 HR Trainer, Training Needs| Soft Skills| Accent| HR| Feedback| Coaching| Customer Service| Process Compliance
 Project Manager For Civil Work, Real Estate Construction| Project Management| Interpersonal Communication| Communication Skills| Project Manager| Project Coordinator| site coordinator
 Vacancy For Motion Graphic Artist, Graphics| Multimedia| Visualization| Infographics| Social Media| Adobe After Effects| Protools| Photoshop| Graphic Designing| English Language
 Business Associate, international bpo| Chat Process| voice based process| tele caller| process developer| Sales| b.a| exl| communication skills| Ba| Blended Process| bba| wipro| tcs| bbm| customer support| bcom| cse| accenture| Fresher| wns
 Project Support Officer/Administrator, project support| Banking| Maya| E-commerce| big data
" Immediate Requirement For Officer - IT @ Vibgyor High, Electronic City", Networking| It Asset| Antivirus| Hardware Troubleshooting
 Procurement - MDM, Procurement| Business process| IT services| Automation| data services| Master data management| Consulting| Vendor| Troubleshooting| Business Executive
 If You're an Experienced in International Tech Sales Then Call Us / In, Recruitment| Outbound| Technical support| English| Comp| Email| Troubleshooting| Domestic BPO| International BPO| Inbound calls
 Senior Game Artist, Photoshop| Illustrator| Fine arts| Software design| User interface designing| game development| creative content| Supervision| Relationship Executive| Business Executive
 Manager (PR), marketing| project management| PR| project planning
 Senior Engineer Project, Leadership training| Software development life cycle| Management
 PERL Developer, Python| Six Sigma| PMP| .NET| HTML| JavaScript| SQL| Oracle| assembly language| Real Time Operating Systems
" SME Techincal Supervisor_ Red Hat, Fuse, Apache, Camel_magarpatta", apache camel| Administration| Technical Support| redhat| Activemq
 Wire Industry, customer profiling| market research| sales executive| marketing executive| distributors| sales strategy| Business Development
 Manager Brand Marketing, customer segmentation| Brand management| Strategic partnerships| Brand marketing| Consumer insights| Performance appraisal| Operations| Promotional strategies| Marketing strategy| Recruitment
 Oracle Fusion Apps_manufacturing_any Location, Negotiation| Marine Operation| Oracle Fusion| Manufacturing| Inventory
 VP / Sr.vp Fire, Fire Safety| fire| Senior Management
 Data Science Engineer, Unix| data science| SQL| Linux| SAS| HTML| Perl| SDLC| Android| Python
Executive - Lab Instruments Maintenance,Installation|Breakdown Maintenance|Preventive Maintenance
 Immediate job Opportunity For Printer Engineer in Mumbai - Vashi, dot matrix| printer| printer support| Laserjet| Hardware
 When you need a Roof you need a job. Come work with us, Outbound| Technical Support Associate| Email| Technical| US shift| Medical| Antivirus| Troubleshooting| Technical support| Comp
 Senior Data Analyst, Reporting| Data Analysis| Business Analytics| Data Analytics| kpo
" Java / J2EE, Web Services also experienced in AngularJS", HTML| XML| Ajax| rest| Prototype| technical| developing| JSON| application architecture| SDLC| javascript| jQuery| Web services| java| application| web| design| Web designing| architecture| applications
 Senior US IT Recruiter / Senior US Recruiter, us it recruiter| us it recruitment| us it staffing| us staffing| us technical recruiter| us recruitment
 Service Engineer - Bhiwadi, service engineering| maintenance| breakdown| shutdown| amc| installation| repair| troubleshooting| field service engineer| Preventive Maintenance| breakdown maintenance| Field Engineer| Electrical Engineer
 Sales Manager, enterprise sales| relationship building| new business| sales strategy| B2B Sales| marketing management| cross selling| product marketing| consultative sales| b2b marketing| service sales| Corporate Sales| Key Accounts Manager
 Accounts Executive For 1-2 Years Experience, accounts executive| Accounting| accounts| finance
 Inbound Tour Manager, inbound| costing| selling| good communication| good communication skills| tickets| tour| experience| manager| packages
 Swimming Pool Technician, Monthly Reports| Maintenance| Technician Activities| Water Quality
Data Science Manager,kaggle|NLP|data science|Artificial Intelligence|Natural Language Processing|analytical techniques|Text Mining|big data|machine learning|Deep Learning
 Associate Vice President - Talent Acquisition - Campus Hiring Program, Talent Acquisition| Recruitment| HR| Campus Hiring| recruitment| recruiting
 Governance & Performance-Performance Management-Professors, Counselor| Mentor| Trainer| Advisor| Teaching
" Manager Sales / Area Manager (tiles, Bath Fitting,paints)", project sales| Architects| Sales Operations| Sales Management| distributor| interior designers| Area Management| contractors| Area| Developers| consultants| dealer| territory management| Sales Manager
 Operations - SME / Retail, Retail| marketing executive| distributors| customer profiling| sales strategy| SME| market research| Business Development| Operations| sales executive
 Assistant Manager - HR Operations,vide
 Sr. Sales / Sales Executive, Manager Sales| Sales Manager| assistant sales manager| MICE| Travel Agent| Senior Sales Executive| senior sales officer| Corporate Sales| Hotel Sales| Room Sales| Sales Executive
 Senior Business Analyst - Sql/python, data analysis| vba| macros| advanced excel| oracle sql| google analytics| business analysis| python| data mining| business analyst
" .NET Developer (asp.net, MVC, C#)", C#| CSS| XML| Asp Net| Javascript| Web Application| MS SQL Server| .Net| MVC| ASP.Net MVC| JQuery| Ajax
 Head- Land Management., land acquisition
 Sr. Business Analyst, Java| Tomcat| Eclipse| OOPS| HTML| UNIX| SQL| DB2| Weblogic| XML| Flex| Oracle| PL
 CNC Machine Operator, cnc| cnc operator| cnc maintenance| cnc programming
 Executive, Medical Representative| Senior Executive
 Presales Manager - Networking, Sales Engineer| solution architect| Presales| solution consultant| Technology Consultant
 Inside Sales Executive, Inside Sales| Lead Generation| Cold Calling| New Business| Customer Service| Proposal Writing| Follow Ups| Sales Executive Activities| Communication Skills| Convincing Power
 Customer Care Executive, Customer Care| Inbound Process| Night Shift| Customer Care Executive| Customer Care Officer| BPO| Domestic BPO| International BPO
 HR - Talent scout specialist, Performance management| Analytical| Design development| Conceptualization| HR| Continuous improvement| Sales support| Recruitment| Testing
 Sr. Sales Manager, Service delivery| Bfsi| enterprise mobility| Market intelligence| Tools| Application development| Sales process| microsoft| Middleware| Business Executive
 Laundry Executive, laundry
 Accounts executive, TDS| Financial statements| Invoice processing| business opportunity| Interpersonal skills| Tally ERP| Accounting| Analytical| Accounts receivable| Recruitment
 MBA HR - Experience, ERP| Succession Planning| MIS| Reports| Talent Management| Human Resources| HR Policies| Recruitment| Talent Acquisition
 System Analyst, T-SQL| Web technologies| data manipulation| MIS| XML| Data structures| System Analyst| JSON| Scripting
 Account Assistance, Audit| Credit Officers| Internal audit| Accounting| Finance| Tax| Accounts| Risk Management
 Senior Embedded Engineer, gsm| ethernet| development| optimization| product development| troubleshooting| gps| lcd| embedded| spi
 Urgent Opening For Asst. Manager-it Infrastructure - Mumbai, Fortigate| Networking| Routing| Hyper - V| Dlp| Sophos| Windows| Virtualization| Switching| Firewall
 Java Developer, Java| Spring Boot| Web Services| Microservices
 Sr. Software Engineer Android/Hybrid, SQL| Android| jQuery| UML| Coding| Graphics| JSON| Test cases| System testing| SQLite
 Principal Engineer-Piping, HVAC| Architecture| Project management| CAD| thermal| Conceptualization| Instrumentation| Autodesk| Food processing| Project delivery
 Business Analyst - Structured Finance, electronic trading| structured finance| dcf| equity research| bloomberg| investment banking| business analysis| bonds| valuation| advanced excel| hedge fund| financial modelling| structured products| fixed income
Solution Architecting,Product management|Analytical skills|software architecture|Prototype|Business analysis|Manager Technology|Outsourcing|Resource management|Operations|Solution architecting
 Sales / Business Development, Sales Head| Hospitality| Office automation| Residential sales| Sales strategy| Bfsi| management| Real estate sales| Flex| Executive search
" Medical Coding Job(fresher Ug/pg) Pharm,lifescience,be(biotech&biomed)", biotechnology| microbiology| nursing| biomedical| medical coding| medical coder| pharmacy| life sciences
 Consultant, Com| Application support| Email| SAP IS-Utilities| level| Billing| change| Service| CRM| Entry level
 Network & Security Architect- Pune, Network
 Business Development Manager, ERP| RF| Action plan| Relationship| Software sales| Business planning| B2B Sales| RFQ| RFP| CRM
 Assistant Vice President - Stock Broking - Delhi, Equity| Currency| Mutual Funds| Commodities| Stock Broking| New Client Acquisition| Business Generation| Channel Distribution| Team Management| team handling| sales
,Java|Trainer|Java|trainer|Trainer|java|Trainer|Java|Trainer|Java|Trainer|Java|Trainer|Java|Trainer|Java|Trainer|Java|Trainer|Java|Trainer|Java|Trainer|Java|Trainer|JAVA|TRAINER|JAVA|TRAINER|Java|Trainer|Java|Trainer|Java|Trainer|trainer|Trainer|Trainer|Java|Trainer|Java|Trainer|Trainer|Java|Java|Trainer|Java|Trainer|Java|Trainer|JAVA|TRAINER|Java|Trainer|Java|Trainer|Trainer|Trainer|Trainer|Trainer|Trainer|Trainer|Trainer|Java|Java|Java|trainer|Java|Java|Java|Trainer|JAVA|Java|Java|Trainer|Java
 Production Manager in Press Shop & Projection Welding, Production Management| Weld Shop| Press Shop| pressing| sheetmetal
 salesfoce Developer +3Years / Mumbai, Salesforce Developer| sfdc developer| Salesforce
 Social Media Executive, website| facebook| online| Twitter| seo| internet| search engine optimisation
 Business Advisor,vide
" IT Recruiter, Technical Recruiter", head hunting| talent acquisition| Recruitment Executive| it recruitment| screening| technical recruitment| hiring| recruitment consultant| recruitment| sourcing| excel powerpoint| staffing
 SAP PLM Consultant - SAP MM Module, SAP PLM| SAP MM| SAP EHS
 Python Manager - IIT/ IIM/ DSE/ ISI, Microstrategy| Business Intelligence| Cognos| Business Objects| Tableau| AWS| Python| SQL
 Marketing Manager - Activation - Iit/nit, Marketing| Event Management| Brand Management
 Hiring .Net Developers for Hyderabad Location, asp.net| ado.net| MVC
 Senior BI Cognos Developer, SQL| Oracle| Cognos| Business intelligence| Automotive| Supply chain| DBMSTools| metadata
 Technical Support Engineer, Technical support| SAN| Veritas| Data management| NetBackup| Windows OS| WebEx| Unix operating system| TCP/IP| IT infrastructure
 Senior Drupal Developer, Drupal| Linux| MySQL| Python| Consulting| Procurement| Monitoring| Front end| Backend| Django
 Pre Sales Executive, Presales| Real Estate Sales| Residential Sales| Sales Executive Activities
 Head - Sales &amp; Strategy (telematics), b2b sales| team management| kam| commercial vehicle| sales strategy| enterprises sales
 Content Writer Required for a Monthly Magazine, Editing| proof reading| content writer| editor| Articles| Article Writing| Content Editor| Journalism| Mass Communication| Copywriter| Associate Editor| Sub Editor| English Writing| Research| Social Media
 Sales Engineers, set| eee| interpersonal skills| selling| sales marketing| travel| marketing management| hardware
 Senior Laravel Developer, MySQL| Wordpress| Javascript| Flex| CMS| PHP| HTML| JSON| Joomla| Ajax
" Medical Scribe Chandigarh Mohali Noida No Fees, Salary-26k To 48k", MBBS| B.sc| Biotech| Dermatology| Rheumatology| ENT| BDS| Medicine| Pathology| Immunology| Medical Transcription| Radiology| Genetics| BAMS| MDS
 Hub-Incharge Bangalore, Help Desk| Customer Service| customer relationship| access controls| Asset Management| Vendor Management
" QA - Associate , - Business - Operations - DM", QA| Data management| GDB| Fixed income| Data quality| HTTP| Operations| Python
 Staff Nurse, Nursing| NICU| Medical | patient care| Nurse
 Back Office Executive|data Entry Operators|domestic BPO, back office processing| BPO| part time| data entry| computer operator| backend| non voice| chat process| account| marketing| inbound process
 Sr Equity Advisor - 5 nos, shares| market research| communication skills
 Data Scientist - Sql/nosql, SQL| NoSQL| R| Python| Scala| Data Visualization| Machine Learning| Data Science| Data Modeling| Algorithm
 Hiring For Day Shift Non Voice Sal. Up To 24K, international bpo| IT Helpdesk| freshers| customer care| international voice| call center| customer support| technical helpdesk| service desk| bpo fresher| uk| us| communication skills
,vide
 React.js Developer, jQuery| MySQL| Struts| Javascript| Database| JSF
 Requirement in Private bank for BDE, Business Development| Sales| Bde| New Business| Business Analyst| Business Development Manager| Business Development Executive| Senior Business Analyst| Sales Manager| Banker| Private Banker| Sales Officer
 Physics- TGT, Counselor| Mentor| Trainer| Advisor| Teaching
 Technical Sales Executive -mumbai, sales engineer| Technical Sales| Sales Executive Activities
 Urgent Opening - Hp-ux Administrator, Unix
 Support Executive, Interpersonal skills| Direct marketing| IT hardware| Management| Support Executive
 J. Stores - Manager, Analytical skills| Technical| Educational qualification| Stores| Management| Forecasting| Electricals| Inventory| Cables| Organization skills
 Product Manager, product management| product pricing| sales| market research| user experience| marketting| asm| tsm| sales manager
,vide
 Draughtsman, AutoCAD| Costing| Draughtsman| Civil| 3D
 Senior Java Tech Lead - Spring Boot/ Data Structure, Java| SOA| TDD| SaaS| J2EE| Spring Boot| API| Algorithm| Data Structure
 BCOM (hiring for Top4) Internal Audit /compliance Call Vikas, Mba Finance| Auditing| Internal Audit| SOX| Audit Compliance| Compliance
 ETL Datastage Developer, Technical Management| Agile Methodology| Unit Testing| Design Development| Business Analytics| Big Data| SQL Queries| Spark| Performance Tuning| Test Case Design
 Technical Lead, CSS| Html5| MySQL| Javascript| Bootstrap| JSON| Node.Js| JQuery| Core PHP| Ajax
 Specialist - DV, Javascript| SQL| Python| design studio| Strategy consulting| Front end| big data analytics| QlikView| MATLAB
" Office Assistant, Office Boy", Tea| Coffee| Office Assistance| admin| office assistant| computer operator
 MES camster/apriso/hydra engineer, Oracle database| server| VB.NET| technical| tools| sql| Sql Server 2008| database| design| MS.net| Application development| Test cases| net| deployment| Automation| development| c| oracle| testing| specification| vb| quality| application| PLSQL| pl| support| WIP
 HR PMO Professional, Change management| Excel| Customer satisfaction| Project management| Relationship building| HR policies| HR| Scheduling| Visio| Stakeholder management
 Principal Consultant, Business solutions| Project delivery| Conceptualization| Green field projects| Gap analysis| PDF| Regulatory compliance| account mining| Delivery Lead| Oracle Retail
 Urgent Requirment For Central Processing Center- Mumbai, Accounting Entries| Debit| Communication Skills| Finance| Document Verification| Banking| Problem Solving| Open Office| Dispute Management
 Cognos TM1 Developer (4 6 years), Sql Server 2008| Cognos| MVC| SIDE| server| java| asp.net| Javascript| Problem| developer| ASP.Net MVC| sql
 Smart Web Developer, JAVA| Java| Business Analysts| development| Architects| HTML| Lead Developers| SQL| XML| design| PHP| ios development| PL
 Manager- Compensation and Benefits,vide
 Civil Architect, Architect| Engineering Design| EPC| Civil
 Reconciliation Executive, access controls| Technology| Asset Management| Intellectual Property| Vendor Management| CRM
 Oracle Sales Cloud Developer, oracle sales
 Opening For Sales and Marketing_nariman Point , Sales| Marketing
 Finance & OPS - Technical Consultant (dynamics Ax/365) @ Bangalore, microsoft dynamics ax| strategy implementation| proposal development| business development| resource planning| cost management| enterprise applications| data integrity| microsoft applications| process design| technical consultant
 Business Development Manager-digital / Export, digital marketing| international sales| international marketing| international business development| business development| Export Marketing
 Sr. Software Engineer, Unix| PDF| Deployment| Informatica| Oracle| Teradata| Troubleshooting| Data warehousing
 Website Designer, jQuery| Analytical| Wordpress| Conceptualization| Web designing| Photoshop| Business Executive| CSS3| Ideas
 Tech caller hiring a huge number of Executives., Outbound| Night shift| Recruitment| iPhone| Email| US shift| Troubleshooting| Technical support| Comp| International BPO
